player_name,Team,G,MP,VORP,BPM,WS,PER,TS%
Amen Thompson,HOU,69.0,2564.0,2.7,2.3,8.3,18.5,0.586
Kevin Durant,HOU,68.0,2480.0,3.8,4.1,8.9,20.9,0.639
Toumani Camara,POR,73.0,2427.0,0.3,-1.6,3.5,10.8,0.571
Desmond Bane,ORL,71.0,2427.0,2.0,1.4,6.6,17.0,0.607
Mikal Bridges,NYK,72.0,2400.0,3.0,2.9,7.4,15.5,0.582
Julius Randle,MIN,72.0,2375.0,2.1,1.5,7.1,18.8,0.587
Jabari Smith Jr.,HOU,67.0,2347.0,0.8,-0.6,5.8,13.6,0.569
Scottie Barnes,TOR,69.0,2346.0,3.3,3.6,6.5,19.0,0.577
Jamal Murray,DEN,67.0,2343.0,3.5,3.9,8.2,21.8,0.614
Tyrese Maxey,PHI,61.0,2334.0,4.6,5.9,7.9,22.5,0.589
Derrick White,BOS,68.0,2331.0,3.4,3.7,6.5,16.9,0.53
Brandon Ingram,TOR,68.0,2314.0,1.3,0.1,3.6,16.0,0.568
Jalen Brunson,NYK,66.0,2300.0,2.9,3.0,7.9,20.0,0.579
Nickeil Alexander-Walker,ATL,69.0,2276.0,1.4,0.5,4.9,16.0,0.6
VJ Edgecombe,PHI,65.0,2276.0,0.7,-0.8,3.6,13.7,0.535
Dyson Daniels,ATL,68.0,2246.0,1.6,0.8,5.6,15.3,0.539
Payton Pritchard,BOS,69.0,2243.0,2.1,1.8,7.2,16.7,0.572
DeMar DeRozan,SAC,71.0,2240.0,1.0,-0.1,5.3,17.7,0.596
Trey Murphy III,NOP,63.0,2237.0,2.6,2.6,6.1,18.7,0.615
Jaden McDaniels,MIN,70.0,2225.0,1.0,-0.3,5.2,13.9,0.616
Donte DiVincenzo,MIN,72.0,2221.0,1.7,0.9,5.0,12.9,0.573
Jalen Johnson,ATL,63.0,2219.0,3.6,4.4,6.8,20.9,0.583
Ryan Rollins,MIL,69.0,2218.0,1.1,0.0,3.3,16.0,0.58
Kon Knueppel,CHO,70.0,2211.0,3.0,3.3,7.5,18.0,0.65
Jaylen Brown,BOS,64.0,2189.0,3.1,3.7,6.4,22.3,0.572
Immanuel Quickley,TOR,67.0,2174.0,2.3,2.3,6.3,16.7,0.579
Rudy Gobert,MIN,69.0,2172.0,1.7,1.1,8.2,17.8,0.674
Luka Dončić,LAL,60.0,2153.0,6.2,9.3,9.0,28.0,0.613
James Harden,2TM,61.0,2133.0,3.3,4.1,6.8,21.2,0.61
James Harden,LAC,44.0,1559.0,2.3,3.8,4.8,21.8,0.598
James Harden,CLE,17.0,574.0,1.0,5.0,2.0,19.5,0.653
Paolo Banchero,ORL,61.0,2130.0,2.0,1.6,4.4,18.0,0.568
Cade Cunningham,DET,61.0,2096.0,4.5,6.5,7.8,22.0,0.567
Karl-Anthony Towns,NYK,67.0,2085.0,2.6,2.9,8.5,21.7,0.614
Miles Bridges,CHO,66.0,2083.0,1.4,0.6,5.2,15.6,0.562
Donovan Mitchell,CLE,62.0,2082.0,3.8,5.2,7.4,23.0,0.608
Alperen Şengün,HOU,62.0,2077.0,3.0,3.8,6.4,21.1,0.564
Anthony Edwards,MIN,58.0,2061.0,3.6,4.9,6.7,22.3,0.621
Collin Gillespie,PHO,71.0,2053.0,2.7,3.2,6.0,16.1,0.593
Naji Marshall,DAL,69.0,2046.0,0.8,-0.4,4.3,15.7,0.601
Onyeka Okongwu,ATL,66.0,2045.0,1.4,0.8,5.3,16.3,0.592
Matas Buzelis,CHI,70.0,2039.0,0.6,-0.7,2.7,15.1,0.592
Brandin Podziemski,GSW,72.0,2037.0,0.9,-0.2,4.0,14.2,0.563
Cooper Flagg,DAL,60.0,2028.0,1.5,1.0,3.1,17.2,0.548
Saddiq Bey,NOP,65.0,2023.0,1.3,0.6,5.2,17.3,0.578
Bam Adebayo,MIA,63.0,2022.0,2.0,1.9,5.5,18.6,0.552
Royce O'Neale,PHO,69.0,2007.0,1.2,0.4,3.9,11.3,0.587
Shai Gilgeous-Alexander,OKC,60.0,2003.0,7.0,12.0,13.8,31.3,0.666
Julian Champagnie,SAS,72.0,1998.0,1.6,1.2,5.3,12.9,0.612
CJ McCollum,2TM,67.0,1985.0,0.6,-0.7,2.4,15.9,0.568
CJ McCollum,WAS,35.0,1082.0,0.1,-1.5,1.0,15.3,0.573
CJ McCollum,ATL,32.0,903.0,0.5,0.2,1.4,16.5,0.561
Kris Dunn,LAC,72.0,1983.0,0.6,-0.8,3.7,11.7,0.589
Wendell Carter Jr.,ORL,67.0,1982.0,0.9,-0.2,5.5,14.4,0.614
Max Christie,DAL,67.0,1974.0,0.3,-1.4,2.6,11.3,0.608
De'Aaron Fox,SAS,63.0,1971.0,2.2,2.3,5.7,17.8,0.581
Bub Carrington,WAS,71.0,1967.0,-1.3,-4.6,-0.3,9.7,0.547
Quentin Grimes,PHI,65.0,1956.0,0.3,-1.4,3.2,13.2,0.589
Nikola Jokić,DEN,56.0,1947.0,8.0,14.4,12.8,32.6,0.676
Tim Hardaway Jr.,DEN,71.0,1916.0,0.6,-0.7,4.0,13.6,0.625
OG Anunoby,NYK,58.0,1915.0,1.9,1.8,5.3,15.7,0.616
Pascal Siakam,IND,57.0,1907.0,1.5,1.1,2.6,18.9,0.563
Duncan Robinson,DET,69.0,1904.0,1.2,0.4,5.2,11.9,0.615
A.J. Green,MIL,67.0,1904.0,-0.8,-3.7,1.7,8.7,0.616
Deni Avdija,POR,57.0,1892.0,2.9,4.1,5.7,20.2,0.598
Devin Booker,PHO,56.0,1876.0,1.7,1.6,5.0,19.7,0.578
Reed Sheppard,HOU,71.0,1867.0,2.0,2.2,4.7,15.3,0.56
Cason Wallace,OKC,69.0,1863.0,1.4,1.0,4.6,12.0,0.528
Donovan Clingan,POR,68.0,1855.0,2.4,3.0,7.5,21.1,0.606
Russell Westbrook,SAC,64.0,1853.0,0.7,-0.5,0.4,15.1,0.528
Jaime Jaquez Jr.,MIA,65.0,1849.0,1.0,0.1,3.6,15.3,0.56
Anthony Black,ORL,60.0,1841.0,0.7,-0.5,2.7,13.9,0.552
Jarace Walker,IND,71.0,1832.0,-0.4,-2.8,0.4,11.5,0.543
Jaylen Wells,MEM,69.0,1821.0,-0.5,-3.1,1.9,11.5,0.559
Chet Holmgren,OKC,62.0,1816.0,2.7,4.0,8.2,21.4,0.649
Evan Mobley,CLE,56.0,1815.0,2.3,3.0,5.6,19.7,0.589
Nic Claxton,BRK,64.0,1807.0,1.4,1.1,4.7,17.7,0.588
Kawhi Leonard,LAC,56.0,1803.0,4.7,8.3,8.2,28.4,0.632
Naz Reid,MIN,69.0,1795.0,1.6,1.4,4.2,16.0,0.58
Jeremiah Fears,NOP,72.0,1792.0,-0.7,-3.6,-0.1,12.5,0.513
Myles Turner,MIL,66.0,1789.0,0.4,-1.0,2.8,13.9,0.586
Keyonte George,UTA,54.0,1786.0,1.3,0.9,3.4,18.7,0.609
Andrew Wiggins,MIA,58.0,1785.0,1.6,1.4,4.0,15.3,0.58
Stephon Castle,SAS,60.0,1781.0,1.6,1.6,4.8,17.1,0.569
Jake LaRavia,LAL,72.0,1775.0,0.4,-1.1,3.4,12.2,0.571
Bruce Brown,DEN,72.0,1773.0,-0.3,-2.5,2.4,10.4,0.554
Harrison Barnes,SAS,67.0,1767.0,0.9,0.0,4.2,11.8,0.603
Derik Queen,NOP,71.0,1747.0,0.7,-0.5,2.7,16.1,0.556
Devin Vassell,SAS,57.0,1745.0,1.0,0.4,4.0,12.9,0.575
Nikola Vučević,2TM,60.0,1740.0,1.6,1.6,4.4,18.1,0.577
Nikola Vučević,CHI,48.0,1480.0,1.4,1.8,3.7,18.3,0.585
Nikola Vučević,BOS,12.0,260.0,0.2,0.6,0.8,17.0,0.532
Deandre Ayton,LAL,63.0,1738.0,0.4,-1.0,5.3,17.9,0.675
Jaylon Tyson,CLE,64.0,1727.0,1.0,0.2,4.1,14.8,0.614
Davion Mitchell,MIA,61.0,1727.0,0.6,-0.6,3.9,12.1,0.574
Marcus Smart,LAL,60.0,1725.0,-0.2,-2.4,1.9,9.9,0.547
Kyle Kuzma,MIL,65.0,1715.0,-0.2,-2.3,2.0,14.1,0.581
LeBron James,LAL,51.0,1708.0,2.2,3.1,4.3,20.2,0.592
Josh Hart,NYK,57.0,1706.0,2.3,3.4,5.5,16.3,0.608
Ace Bailey,UTA,63.0,1705.0,-0.7,-3.7,0.6,12.2,0.545
Noah Clowney,BRK,62.0,1695.0,-0.6,-3.3,1.2,11.3,0.556
Jalen Duren,DET,61.0,1692.0,2.9,4.7,9.3,26.1,0.677
Michael Porter Jr.,BRK,52.0,1689.0,2.1,3.0,3.1,20.0,0.595
Ayo Dosunmu,2TM,63.0,1685.0,1.2,0.9,4.4,16.4,0.632
Ayo Dosunmu,CHI,45.0,1187.0,0.8,0.8,3.1,17.1,0.636
Ayo Dosunmu,MIN,18.0,498.0,0.4,1.0,1.3,14.8,0.621
Rui Hachimura,LAL,59.0,1684.0,-0.2,-2.4,2.6,11.1,0.617
Andrew Nembhard,IND,54.0,1684.0,0.5,-0.9,2.5,15.8,0.565
LaMelo Ball,CHO,61.0,1683.0,2.6,4.1,4.8,19.5,0.541
Neemias Queta,BOS,67.0,1682.0,1.8,2.1,7.3,19.6,0.659
Keldon Johnson,SAS,72.0,1670.0,1.3,1.2,5.7,17.4,0.625
Victor Wembanyama,SAS,57.0,1667.0,4.9,9.6,8.2,28.4,0.62
Sam Hauser,BOS,68.0,1665.0,1.0,0.3,4.0,11.7,0.571
P.J. Washington,DAL,53.0,1648.0,0.2,-1.5,1.6,13.2,0.534
Maxime Raynaud,SAC,64.0,1646.0,-0.3,-2.8,2.9,15.7,0.614
Jerami Grant,POR,55.0,1642.0,0.8,-0.1,3.7,15.3,0.607
Moussa Diabaté,CHO,63.0,1635.0,1.4,1.3,6.3,17.3,0.647
Zion Williamson,NOP,55.0,1635.0,2.1,3.1,5.6,23.1,0.64
Luguentz Dort,OKC,59.0,1634.0,-0.3,-2.7,2.4,7.6,0.507
Sion James,CHO,71.0,1631.0,0.0,-2.1,2.6,8.2,0.549
Brandon Miller,CHO,54.0,1627.0,1.4,1.4,3.3,16.9,0.572
John Collins,LAC,59.0,1625.0,0.7,-0.4,3.9,16.2,0.648
Bobby Portis,MIL,67.0,1619.0,0.8,-0.1,2.9,17.2,0.587
Tristan Da Silva,ORL,66.0,1614.0,0.6,-0.4,2.8,12.1,0.572
Draymond Green,GSW,59.0,1611.0,0.1,-1.7,1.3,10.1,0.533
Kyle Filipowski,UTA,70.0,1606.0,0.2,-1.6,2.5,15.3,0.581
Nique Clifford,SAC,67.0,1600.0,-1.1,-4.8,-0.4,8.8,0.496
Ausar Thompson,DET,62.0,1596.0,1.7,2.3,4.4,15.8,0.53
Cam Spencer,MEM,67.0,1595.0,1.7,2.2,5.1,17.1,0.646
Norman Powell,MIA,53.0,1594.0,1.6,1.9,3.9,17.7,0.609
Austin Reaves,LAL,46.0,1593.0,2.0,3.1,5.3,20.7,0.643
Josh Giddey,CHI,49.0,1572.0,2.0,3.0,3.3,18.5,0.566
Pelle Larsson,MIA,61.0,1571.0,0.5,-0.9,3.7,13.0,0.602
Oso Ighodaro,PHO,72.0,1569.0,0.8,-0.1,3.9,13.5,0.63
Jamal Shead,TOR,71.0,1565.0,-0.2,-2.5,2.1,10.4,0.483
Moses Moody,GSW,60.0,1540.0,0.7,-0.1,3.2,13.5,0.6
Dillon Brooks,PHO,50.0,1530.0,0.0,-2.0,2.1,14.8,0.547
Brice Sensabaugh,UTA,67.0,1528.0,-0.4,-3.0,0.9,14.1,0.582
Peyton Watson,DEN,50.0,1522.0,0.4,-1.1,2.5,14.4,0.598
Tobias Harris,DET,54.0,1521.0,1.1,0.8,4.2,14.3,0.561
Isaiah Collier,UTA,59.0,1517.0,-0.2,-2.5,1.8,14.9,0.567
Sandro Mamukelashvili,TOR,69.0,1509.0,1.6,2.2,5.1,17.6,0.628
Kel'el Ware,MIA,67.0,1507.0,1.4,1.8,5.4,19.7,0.605
Jay Huff,IND,72.0,1494.0,0.9,0.3,2.7,15.2,0.594
Dennis Schröder,2TM,60.0,1493.0,-0.1,-2.3,1.0,12.7,0.523
Dennis Schröder,SAC,40.0,1056.0,0.0,-1.9,0.6,13.7,0.531
Dennis Schröder,CLE,20.0,437.0,-0.1,-3.3,0.4,10.5,0.501
Precious Achiuwa,SAC,64.0,1480.0,0.2,-1.4,2.7,16.0,0.565
Isaac Okoro,CHI,55.0,1480.0,-0.8,-4.2,1.7,9.3,0.565
Dominick Barlow,PHI,61.0,1472.0,0.3,-1.2,3.3,13.3,0.595
Tre Jones,CHI,54.0,1459.0,1.1,1.0,4.6,17.8,0.627
Jaren Jackson Jr.,2TM,48.0,1454.0,0.5,-0.5,1.7,15.8,0.576
Jaren Jackson Jr.,MEM,45.0,1382.0,0.4,-0.8,1.6,15.4,0.574
Jaren Jackson Jr.,UTA,3.0,72.0,0.1,4.5,0.1,23.4,0.598
Ivica Zubac,2TM,48.0,1446.0,0.6,-0.3,4.2,18.7,0.622
Ivica Zubac,LAC,43.0,1328.0,0.7,0.1,4.0,18.9,0.635
Ivica Zubac,IND,5.0,118.0,-0.1,-4.9,0.2,16.4,0.505
Lauri Markkanen,UTA,42.0,1443.0,1.6,2.6,3.7,21.3,0.608
Terance Mann,BRK,59.0,1439.0,-0.5,-3.4,1.7,10.3,0.561
Shaedon Sharpe,POR,48.0,1439.0,0.3,-1.3,1.2,15.4,0.55
Jock Landale,2TM,65.0,1429.0,0.7,-0.2,3.7,16.6,0.591
Jock Landale,MEM,45.0,1060.0,0.5,-0.2,2.7,16.9,0.594
Jock Landale,ATL,20.0,369.0,0.2,-0.1,1.0,15.9,0.581
Luke Kennard,2TM,68.0,1421.0,0.8,0.1,3.7,13.2,0.706
Luke Kennard,ATL,46.0,944.0,0.6,0.5,2.7,13.5,0.713
Luke Kennard,LAL,22.0,477.0,0.2,-0.5,1.1,12.7,0.694
Herbert Jones,NOP,49.0,1419.0,-0.3,-2.9,0.8,9.3,0.491
RJ Barrett,TOR,47.0,1410.0,1.0,0.9,3.4,17.4,0.593
Jarrett Allen,CLE,51.0,1405.0,1.6,2.6,6.0,21.8,0.67
Cedric Coward,MEM,54.0,1403.0,0.6,-0.4,2.2,14.8,0.579
Cameron Johnson,DEN,46.0,1399.0,0.3,-1.1,2.9,12.1,0.618
Kyshawn George,WAS,48.0,1391.0,0.3,-1.2,0.7,13.9,0.559
Jordan Goodwin,PHO,62.0,1390.0,1.1,1.3,3.2,14.4,0.516
Vít Krejčí,2TM,64.0,1387.0,0.1,-1.6,2.8,11.1,0.611
Vít Krejčí,ATL,46.0,1028.0,0.2,-1.4,2.1,11.3,0.639
Vít Krejčí,POR,18.0,359.0,0.0,-2.3,0.6,10.7,0.538
Isaiah Joe,OKC,63.0,1384.0,1.4,1.9,4.9,14.8,0.639
Anfernee Simons,2TM,55.0,1372.0,0.6,-0.2,2.9,14.5,0.576
Anfernee Simons,BOS,49.0,1202.0,0.8,0.5,3.0,15.1,0.579
Anfernee Simons,CHI,6.0,170.0,-0.1,-5.0,0.0,10.3,0.554
Bennedict Mathurin,2TM,44.0,1372.0,-0.3,-2.8,1.6,14.5,0.576
Bennedict Mathurin,IND,28.0,891.0,-0.2,-2.9,0.7,12.8,0.589
Bennedict Mathurin,LAC,16.0,481.0,-0.1,-2.5,0.9,17.7,0.557
Zaccharie Risacher,ATL,58.0,1370.0,-0.2,-2.6,1.9,11.7,0.554
Klay Thompson,DAL,62.0,1369.0,0.3,-1.2,0.7,11.6,0.547
Brook Lopez,LAC,65.0,1358.0,0.2,-1.3,1.6,11.6,0.546
Sidy Cissoko,POR,66.0,1355.0,-0.7,-4.0,1.2,7.3,0.521
Spencer Jones,DEN,60.0,1355.0,-0.1,-2.3,2.6,9.5,0.624
Tre Johnson,WAS,56.0,1348.0,-0.8,-4.5,-0.4,11.0,0.542
Ron Holland,DET,67.0,1344.0,0.0,-1.9,2.5,12.1,0.529
Kelly Oubre Jr.,PHI,41.0,1330.0,0.1,-1.6,2.2,13.0,0.581
Mark Williams,PHO,56.0,1322.0,1.3,1.8,5.9,21.7,0.67
Brandon Williams,DAL,60.0,1320.0,0.8,0.4,2.2,16.7,0.569
Dylan Harper,SAS,59.0,1317.0,1.0,1.1,3.4,15.9,0.563
Bilal Coulibaly,WAS,49.0,1315.0,-0.1,-2.3,0.9,12.9,0.531
Grayson Allen,PHO,44.0,1312.0,1.4,2.3,3.6,16.5,0.572
Egor Dёmin,BRK,52.0,1308.0,0.1,-1.6,0.9,11.4,0.561
Collin Sexton,2TM,57.0,1302.0,0.9,0.7,3.2,17.2,0.618
Collin Sexton,CHO,42.0,938.0,0.7,1.2,2.7,17.6,0.619
Collin Sexton,CHI,15.0,364.0,0.1,-0.5,0.5,16.1,0.617
Kevin Huerter,2TM,59.0,1298.0,0.4,-0.8,2.0,13.1,0.547
Kevin Huerter,CHI,44.0,1037.0,0.3,-1.0,1.4,13.3,0.559
Kevin Huerter,DET,15.0,261.0,0.1,-0.1,0.6,12.6,0.492
Aaron Wiggins,OKC,57.0,1289.0,0.3,-0.9,1.9,11.7,0.537
Will Riley,WAS,63.0,1285.0,-0.9,-4.8,0.2,11.3,0.547
Ben Sheppard,IND,60.0,1285.0,-0.4,-3.2,1.2,9.6,0.556
Luke Kornet,SAS,61.0,1284.0,1.8,3.6,6.2,18.2,0.685
Ajay Mitchell,OKC,49.0,1282.0,1.3,2.1,4.3,17.3,0.59
Alex Sarr,WAS,47.0,1282.0,0.9,0.9,1.7,19.7,0.546
Cody Williams,UTA,57.0,1278.0,-1.0,-5.1,0.4,9.3,0.538
Khris Middleton,2TM,54.0,1278.0,-0.6,-3.9,0.5,11.6,0.538
Khris Middleton,WAS,34.0,827.0,-0.4,-4.0,0.2,11.5,0.531
Khris Middleton,DAL,20.0,451.0,-0.2,-3.7,0.3,11.8,0.548
Tari Eason,HOU,49.0,1276.0,0.1,-1.6,2.1,12.5,0.51
Jrue Holiday,POR,44.0,1274.0,1.2,1.6,2.8,16.6,0.57
Isaiah Stewart,DET,55.0,1273.0,0.7,0.0,3.9,15.1,0.626
Ryan Kalkbrenner,CHO,58.0,1268.0,1.2,1.8,4.8,18.3,0.753
Jalen Suggs,ORL,47.0,1268.0,1.5,2.7,2.3,16.2,0.56
Aaron Nesmith,IND,43.0,1267.0,-0.5,-3.5,0.7,10.9,0.546
Will Richard,GSW,62.0,1262.0,0.2,-1.4,2.5,11.6,0.605
Kevin Porter Jr.,MIL,38.0,1261.0,1.3,2.0,2.8,18.8,0.567
Javonte Green,DET,71.0,1259.0,1.1,1.5,3.8,13.5,0.595
Dean Wade,CLE,56.0,1258.0,0.7,0.2,3.1,10.9,0.576
Gary Trent Jr.,MIL,59.0,1246.0,-1.0,-5.3,0.1,7.8,0.531
Ryan Dunn,PHO,63.0,1232.0,0.3,-1.0,2.3,11.6,0.529
Jose Alvarado,2TM,61.0,1231.0,0.2,-1.2,2.0,12.0,0.542
Jose Alvarado,NOP,41.0,896.0,0.0,-2.0,1.1,11.2,0.558
Jose Alvarado,NYK,20.0,335.0,0.3,1.1,1.0,14.2,0.503
Zach LaVine,SAC,39.0,1224.0,0.2,-1.5,1.3,14.7,0.614
Josh Okogie,HOU,68.0,1223.0,0.2,-1.4,2.4,9.8,0.553
Stephen Curry,GSW,39.0,1222.0,2.3,5.4,3.9,22.7,0.636
Keon Ellis,2TM,62.0,1222.0,0.5,-0.3,1.6,10.6,0.571
Keon Ellis,SAC,43.0,758.0,0.0,-2.0,0.4,9.1,0.536
Keon Ellis,CLE,19.0,464.0,0.5,2.4,1.2,13.0,0.639
Kobe Sanders,LAC,59.0,1217.0,-0.5,-3.6,0.9,9.1,0.582
Walter Clayton,2TM,61.0,1212.0,-0.7,-4.3,0.3,10.0,0.514
Walter Clayton,UTA,45.0,811.0,-0.2,-3.2,0.4,10.5,0.54
Walter Clayton,MEM,16.0,401.0,-0.5,-6.6,-0.1,9.0,0.465
Nicolas Batum,LAC,66.0,1210.0,0.2,-1.2,1.5,8.1,0.597
Malik Monk,SAC,55.0,1210.0,0.2,-1.5,0.8,14.2,0.57
Patrick Williams,CHI,61.0,1199.0,-0.7,-4.3,0.0,8.3,0.506
Santi Aldama,MEM,43.0,1198.0,1.1,1.7,2.5,16.4,0.572
Gui Santos,GSW,61.0,1188.0,0.5,-0.3,2.4,13.9,0.604
Danny Wolf,BRK,57.0,1187.0,-0.2,-2.5,0.9,12.3,0.521
Ziaire Williams,BRK,52.0,1187.0,0.1,-1.7,1.6,12.4,0.589
Jimmy Butler,GSW,38.0,1182.0,2.3,5.5,5.8,23.6,0.646
Justin Champagnie,WAS,61.0,1181.0,0.6,0.0,2.9,17.6,0.599
Sam Merrill,CLE,45.0,1177.0,0.8,0.6,3.3,13.9,0.662
De'Andre Hunter,2TM,45.0,1176.0,-0.6,-3.9,1.2,11.5,0.545
De'Andre Hunter,CLE,43.0,1125.0,-0.4,-3.4,1.4,12.1,0.553
De'Andre Hunter,SAC,2.0,51.0,-0.2,-16.5,-0.2,-3.4,0.347
Ja'Kobe Walter,TOR,61.0,1173.0,0.4,-0.6,2.9,11.8,0.604
Baylor Scheierman,BOS,66.0,1167.0,0.7,0.2,3.0,11.1,0.604
Day'Ron Sharpe,BRK,62.0,1160.0,1.0,1.4,3.5,20.6,0.638
Quinten Post,GSW,66.0,1155.0,0.3,-1.1,2.0,13.0,0.561
Christian Braun,DEN,36.0,1151.0,0.3,-1.1,2.4,12.5,0.602
Jaylin Williams,OKC,57.0,1147.0,1.3,2.5,3.7,13.9,0.597
Yves Missi,NOP,59.0,1135.0,0.1,-1.6,2.4,15.3,0.555
Kris Murray,POR,48.0,1133.0,0.1,-1.6,1.7,9.7,0.537
Jordan Clarkson,NYK,62.0,1123.0,-0.4,-3.5,1.6,11.4,0.551
Svi Mykhailiuk,UTA,48.0,1123.0,0.0,-1.9,1.1,11.1,0.623
Dru Smith,MIA,67.0,1122.0,1.2,2.3,3.1,14.6,0.534
Daniel Gafford,DAL,51.0,1119.0,0.7,0.6,3.9,18.6,0.684
Daniss Jenkins,DET,61.0,1118.0,0.4,-0.7,2.2,13.3,0.519
Jordan Miller,LAC,51.0,1106.0,0.5,-0.1,2.8,15.9,0.621
Simone Fontecchio,MIA,64.0,1099.0,0.6,0.2,2.3,13.2,0.566
Derrick Jones Jr.,LAC,40.0,1099.0,0.6,0.2,2.6,14.4,0.62
Adem Bona,PHI,62.0,1097.0,-0.2,-2.9,2.5,12.9,0.624
Jalen Smith,CHI,52.0,1089.0,0.4,-0.6,2.7,16.8,0.609
Kentavious Caldwell-Pope,MEM,51.0,1088.0,-0.1,-2.5,0.9,11.0,0.533
Jusuf Nurkić,UTA,41.0,1083.0,0.9,1.2,1.6,16.5,0.548
Nolan Traoré,BRK,49.0,1082.0,-1.4,-7.1,-1.4,7.2,0.471
Andre Drummond,PHI,54.0,1079.0,0.3,-1.0,2.9,16.2,0.543
Marvin Bagley III,2TM,54.0,1075.0,0.6,0.2,3.2,19.7,0.654
Marvin Bagley III,WAS,38.0,731.0,0.5,0.8,2.2,20.6,0.667
Marvin Bagley III,DAL,16.0,344.0,0.1,-1.1,1.0,17.6,0.626
Darius Garland,2TM,36.0,1067.0,0.5,-0.1,2.4,17.6,0.589
Darius Garland,CLE,26.0,792.0,0.1,-1.6,1.5,15.6,0.567
Darius Garland,LAC,10.0,275.0,0.4,4.0,0.9,23.2,0.645
Drake Powell,BRK,54.0,1063.0,-1.1,-6.0,0.0,7.3,0.535
Collin Murray-Boyles,TOR,48.0,1063.0,0.7,0.7,3.0,15.3,0.605
Coby White,2TM,40.0,1061.0,-0.1,-2.3,1.4,15.3,0.584
Coby White,CHI,29.0,843.0,-0.3,-3.3,0.7,14.3,0.586
Coby White,CHO,11.0,218.0,0.2,1.5,0.6,18.9,0.576
Mouhamed Gueye,ATL,68.0,1060.0,0.1,-1.5,2.4,12.1,0.544
Landry Shamet,NYK,46.0,1059.0,0.5,-0.1,2.5,11.4,0.602
Jaxson Hayes,LAL,60.0,1058.0,0.7,0.7,4.2,17.5,0.746
Giannis Antetokounmpo,MIL,36.0,1039.0,3.0,9.4,5.1,32.8,0.658
Mitchell Robinson,NYK,53.0,1033.0,1.3,3.1,5.0,20.6,0.661
Joel Embiid,PHI,33.0,1029.0,1.7,4.7,3.4,24.8,0.606
Craig Porter Jr.,CLE,58.0,1024.0,1.1,2.1,2.5,13.7,0.516
Jared McCain,2TM,57.0,1012.0,0.1,-1.8,1.4,12.0,0.557
Jared McCain,PHI,37.0,620.0,-0.3,-3.7,0.3,9.5,0.506
Jared McCain,OKC,20.0,392.0,0.3,1.3,1.1,16.1,0.619
Hugo González,BOS,66.0,1009.0,0.0,-1.9,2.0,10.0,0.547
GG Jackson II,MEM,48.0,1006.0,0.1,-1.6,1.2,15.2,0.589
Gradey Dick,TOR,66.0,1002.0,-0.3,-3.3,1.5,11.0,0.546
Jericho Sims,MIL,56.0,1000.0,-0.4,-3.6,2.1,11.6,0.819
Caleb Love,POR,45.0,999.0,-0.2,-2.9,0.6,11.0,0.5
Jordan Walsh,BOS,58.0,998.0,0.5,0.1,3.2,13.6,0.636
Isaiah Hartenstein,OKC,40.0,998.0,1.5,4.1,4.6,19.8,0.632
Jarred Vanderbilt,LAL,56.0,993.0,0.0,-1.8,1.6,11.0,0.542
Caris LeVert,DET,51.0,991.0,0.3,-0.8,1.3,10.6,0.516
Pat Spencer,GSW,56.0,987.0,0.0,-1.8,1.4,12.3,0.522
Corey Kispert,2TM,51.0,986.0,0.0,-2.1,1.6,13.0,0.604
Corey Kispert,WAS,19.0,370.0,0.1,-1.0,0.6,14.1,0.649
Corey Kispert,ATL,32.0,616.0,-0.1,-2.7,1.0,12.3,0.581
Taylor Hendricks,2TM,53.0,983.0,0.0,-1.9,1.2,12.7,0.575
Taylor Hendricks,UTA,33.0,492.0,-0.2,-3.5,0.4,10.3,0.574
Taylor Hendricks,MEM,20.0,491.0,0.2,-0.3,0.9,15.1,0.576
Miles McBride,NYK,35.0,981.0,0.8,1.4,2.7,13.5,0.592
Bones Hyland,MIN,63.0,977.0,0.9,1.6,2.8,15.4,0.611
Luka Garza,BOS,61.0,968.0,1.0,2.1,4.4,19.3,0.677
Ryan Nembhard,DAL,51.0,956.0,-0.5,-4.2,0.6,10.7,0.497
Gary Payton II,GSW,64.0,954.0,0.9,2.0,2.8,17.8,0.616
Al Horford,GSW,43.0,933.0,0.9,1.8,2.1,14.9,0.554
De'Anthony Melton,GSW,41.0,933.0,-0.1,-2.5,0.7,13.9,0.523
Tyus Jones,3TM,63.0,931.0,-0.1,-2.4,1.0,8.2,0.443
Tyus Jones,ORL,48.0,754.0,0.1,-1.7,1.0,8.5,0.448
Tyus Jones,DAL,8.0,133.0,-0.1,-4.3,0.1,8.8,0.444
Tyus Jones,DEN,7.0,44.0,-0.1,-9.9,-0.1,1.9,0.372
T.J. McConnell,IND,53.0,916.0,0.9,1.8,2.2,20.0,0.554
Alex Caruso,OKC,49.0,902.0,0.9,2.1,2.3,13.2,0.538
Ochai Agbaji,2TM,58.0,900.0,-0.5,-4.0,0.8,8.6,0.526
Ochai Agbaji,TOR,42.0,650.0,-0.5,-4.9,0.6,7.5,0.495
Ochai Agbaji,BRK,16.0,250.0,0.0,-1.8,0.2,11.6,0.593
Jakob Poeltl,TOR,35.0,897.0,0.8,1.5,3.3,17.8,0.7
Rayan Rupert,2TM,59.0,896.0,-0.8,-5.5,0.4,6.9,0.484
Rayan Rupert,POR,48.0,577.0,-0.5,-5.1,0.1,5.8,0.447
Rayan Rupert,MEM,11.0,319.0,-0.3,-6.2,0.3,9.0,0.541
Franz Wagner,ORL,28.0,891.0,1.1,2.9,2.7,19.6,0.591
Cam Thomas,2TM,42.0,881.0,-0.7,-5.2,-0.4,12.6,0.53
Cam Thomas,BRK,24.0,582.0,-0.4,-5.1,-0.2,12.3,0.527
Cam Thomas,MIL,18.0,299.0,-0.3,-5.3,-0.2,13.2,0.534
Bryce McGowens,NOP,42.0,880.0,-0.2,-2.9,1.8,11.8,0.61
Justin Edwards,PHI,55.0,878.0,0.2,-1.0,1.6,12.2,0.577
Isaiah Jackson,2TM,53.0,871.0,0.1,-1.4,2.4,17.2,0.645
Isaiah Jackson,IND,38.0,638.0,-0.1,-2.8,1.4,15.3,0.615
Isaiah Jackson,LAC,15.0,233.0,0.3,2.4,1.0,22.3,0.723
Caleb Martin,DAL,58.0,856.0,0.0,-2.2,0.9,9.4,0.526
Olivier-Maxence Prosper,MEM,47.0,856.0,0.2,-1.2,1.9,15.2,0.636
Nae'Qwan Tomlin,CLE,55.0,852.0,0.0,-2.2,1.8,12.5,0.531
Robert Williams,POR,50.0,852.0,1.5,4.8,3.8,22.7,0.734
Jordan Poole,NOP,35.0,843.0,-0.3,-3.2,0.3,11.5,0.529
Karlo Matković,NOP,58.0,840.0,0.6,1.0,2.7,17.0,0.708
Mike Conley,MIN,47.0,838.0,0.0,-1.9,1.5,8.9,0.492
Trendon Watford,PHI,49.0,834.0,0.1,-1.8,1.4,13.2,0.574
Aaron Gordon,DEN,30.0,825.0,0.9,2.4,2.8,19.4,0.626
Paul George,PHI,27.0,824.0,0.6,0.9,1.7,15.5,0.556
Vince Williams Jr.,2TM,40.0,820.0,0.2,-1.0,0.3,10.8,0.478
Vince Williams Jr.,MEM,34.0,736.0,0.2,-0.9,0.3,10.9,0.478
Vince Williams Jr.,UTA,6.0,84.0,0.0,-2.1,0.0,9.9,0.47
Guerschon Yabusele,2TM,59.0,808.0,0.1,-1.6,1.3,11.4,0.55
Guerschon Yabusele,NYK,41.0,366.0,-0.2,-3.7,0.4,8.6,0.499
Guerschon Yabusele,CHI,18.0,442.0,0.3,0.2,0.8,13.7,0.586
John Konchar,2TM,46.0,808.0,0.5,0.6,1.5,12.0,0.563
John Konchar,MEM,30.0,435.0,0.5,2.4,1.1,12.9,0.619
John Konchar,UTA,16.0,373.0,0.1,-1.4,0.5,10.9,0.501
Kasparas Jakučionis,MIA,45.0,801.0,0.4,-0.2,1.8,11.5,0.599
Goga Bitadze,ORL,53.0,799.0,1.1,3.3,3.8,20.4,0.707
Clint Capela,HOU,64.0,795.0,0.5,0.2,2.5,17.6,0.537
Nikola Jović,MIA,46.0,795.0,-0.3,-3.3,0.1,9.6,0.481
Buddy Hield,2TM,49.0,794.0,0.1,-1.6,0.9,12.0,0.555
Buddy Hield,GSW,44.0,768.0,0.2,-1.0,1.0,12.6,0.562
Buddy Hield,ATL,5.0,26.0,-0.1,-17.8,-0.1,-3.7,0.3
Keegan Murray,SAC,23.0,793.0,-0.2,-3.1,0.2,11.7,0.499
Josh Green,CHO,47.0,785.0,0.3,-0.3,1.8,10.5,0.652
Jalen Williams,OKC,27.0,776.0,0.8,2.0,2.4,18.9,0.557
Tyrese Martin,2TM,45.0,775.0,-0.3,-3.3,0.1,10.4,0.501
Tyrese Martin,BRK,37.0,696.0,-0.2,-3.1,0.2,10.8,0.507
Tyrese Martin,PHI,8.0,79.0,-0.1,-5.7,-0.1,6.2,0.437
Jonas Valančiūnas,DEN,58.0,773.0,0.3,-0.7,2.4,20.7,0.621
Tyler Herro,MIA,25.0,772.0,0.9,2.8,2.0,18.1,0.608
Jaylen Clark,MIN,61.0,761.0,-0.1,-2.7,1.4,10.0,0.53
Jaden Hardy,2TM,50.0,757.0,-0.5,-4.4,-0.1,11.0,0.568
Jaden Hardy,DAL,34.0,428.0,-0.2,-3.8,0.1,10.7,0.551
Jaden Hardy,WAS,16.0,329.0,-0.3,-5.1,-0.2,11.4,0.589
Jamir Watkins,WAS,39.0,756.0,-0.2,-3.1,0.8,11.5,0.545
Gabe Vincent,2TM,44.0,755.0,-0.6,-4.9,0.5,6.1,0.498
Gabe Vincent,LAL,29.0,559.0,-0.4,-4.9,0.3,5.5,0.512
Gabe Vincent,ATL,15.0,196.0,-0.1,-4.8,0.1,7.6,0.467
Kenrich Williams,OKC,48.0,747.0,0.6,1.0,2.2,14.6,0.596
Ousmane Dieng,2TM,46.0,744.0,0.0,-1.8,0.9,10.7,0.553
Ousmane Dieng,OKC,27.0,295.0,0.1,-1.4,0.6,10.0,0.534
Ousmane Dieng,MIL,19.0,449.0,0.0,-2.1,0.3,11.2,0.564
Jalen Pickett,DEN,45.0,738.0,0.0,-2.0,1.0,10.5,0.546
Jabari Walker,PHI,59.0,735.0,-0.2,-2.8,1.5,12.3,0.557
Steven Adams,HOU,32.0,730.0,0.3,-0.6,2.1,15.9,0.535
Lonzo Ball,CLE,35.0,728.0,0.2,-1.1,0.7,9.5,0.432
Josh Minott,2TM,44.0,724.0,0.8,2.5,2.2,15.9,0.66
Josh Minott,BOS,33.0,526.0,0.6,2.2,1.9,15.7,0.651
Josh Minott,BRK,11.0,198.0,0.3,3.5,0.3,16.5,0.676
Kobe Brown,2TM,52.0,720.0,-0.3,-3.6,0.8,11.2,0.581
Kobe Brown,LAC,34.0,295.0,0.0,-2.3,0.3,11.2,0.524
Kobe Brown,IND,18.0,425.0,-0.3,-4.6,0.5,11.1,0.624
Paul Reed,DET,54.0,718.0,1.2,4.4,3.3,23.3,0.63
Rob Dillingham,2TM,54.0,717.0,-0.8,-6.6,-0.6,7.9,0.447
Rob Dillingham,MIN,35.0,326.0,-0.5,-8.2,-0.5,6.1,0.404
Rob Dillingham,CHI,19.0,391.0,-0.3,-5.3,-0.1,9.4,0.485
Noah Penda,ORL,52.0,715.0,0.2,-1.1,1.2,12.1,0.521
Dwight Powell,DAL,53.0,713.0,0.1,-1.4,2.1,12.5,0.704
Micah Peavy,NOP,52.0,706.0,-0.6,-5.6,0.2,7.9,0.435
Dylan Cardwell,SAC,34.0,698.0,0.0,-1.8,1.9,15.8,0.588
Julian Strawther,DEN,47.0,693.0,-0.1,-2.8,0.9,11.8,0.578
Micah Potter,IND,37.0,692.0,0.4,0.5,1.9,16.5,0.667
Nick Richards,2TM,47.0,692.0,-0.7,-5.9,0.7,12.2,0.565
Nick Richards,PHO,28.0,254.0,-0.3,-6.8,0.2,11.5,0.534
Nick Richards,CHI,19.0,438.0,-0.4,-5.4,0.5,12.6,0.581
Tyler Kolek,NYK,58.0,688.0,0.2,-0.8,1.3,12.2,0.527
Javon Small,MEM,35.0,682.0,0.5,1.2,1.8,16.4,0.609
Quenton Jackson,IND,39.0,678.0,0.0,-2.1,1.0,14.0,0.595
Jaden Ivey,2TM,37.0,670.0,0.3,0.0,1.3,13.1,0.571
Jaden Ivey,DET,33.0,555.0,0.3,-0.1,1.1,12.7,0.57
Jaden Ivey,CHI,4.0,115.0,0.1,0.0,0.3,15.0,0.576
Jalen Wilson,BRK,46.0,669.0,-0.6,-5.5,0.2,8.1,0.539
Ben Saraf,BRK,35.0,663.0,-1.0,-7.9,-0.9,6.8,0.473
Carter Bryant,SAS,61.0,660.0,-0.3,-3.9,0.8,9.2,0.5
Kyle Anderson,3TM,34.0,659.0,0.3,-0.2,1.4,13.6,0.593
Kyle Anderson,UTA,20.0,401.0,0.2,-0.2,0.8,14.3,0.565
Kyle Anderson,MEM,4.0,89.0,0.0,-1.0,0.2,15.2,0.821
Kyle Anderson,MIN,10.0,169.0,0.1,0.2,0.4,11.1,0.552
Jonathan Kuminga,2TM,28.0,654.0,0.0,-2.2,0.8,14.5,0.569
Jonathan Kuminga,GSW,20.0,476.0,-0.2,-3.6,0.2,12.5,0.543
Jonathan Kuminga,ATL,8.0,178.0,0.2,1.6,0.6,19.9,0.641
Jevon Carter,2TM,42.0,653.0,0.1,-1.3,0.6,10.9,0.531
Jevon Carter,CHI,23.0,254.0,0.1,-0.9,0.3,12.5,0.577
Jevon Carter,ORL,19.0,399.0,0.1,-1.5,0.3,9.9,0.497
Johnny Furphy,IND,35.0,643.0,-0.3,-3.8,0.5,9.3,0.547
Tre Mann,CHO,46.0,637.0,-0.5,-5.3,-0.1,8.2,0.46
Jalen Green,PHO,24.0,627.0,0.0,-2.1,0.0,13.8,0.5
Anthony Davis,DAL,20.0,626.0,0.7,2.4,1.4,21.7,0.551
Tristan Vukcevic,WAS,46.0,624.0,0.2,-1.0,0.5,17.0,0.594
Jett Howard,ORL,49.0,621.0,0.0,-2.0,1.1,11.3,0.552
Anthony Gill,WAS,44.0,620.0,-0.2,-3.2,0.8,12.3,0.635
Gary Harris,MIL,45.0,617.0,-0.1,-2.7,0.7,7.8,0.611
Kevin Love,UTA,37.0,613.0,0.3,0.2,1.2,14.9,0.568
Aaron Holiday,HOU,46.0,608.0,-0.1,-2.9,1.0,9.9,0.559
Thomas Bryant,CLE,53.0,605.0,0.4,0.5,2.1,17.6,0.619
Dorian Finney-Smith,HOU,34.0,584.0,-0.4,-4.7,0.4,5.1,0.435
Kristaps Porziņģis,2TM,25.0,584.0,0.8,3.6,2.0,20.9,0.579
Kristaps Porziņģis,ATL,17.0,413.0,0.6,3.6,1.5,20.6,0.592
Kristaps Porziņģis,GSW,8.0,171.0,0.2,3.6,0.5,21.6,0.55
Zeke Nnaji,DEN,48.0,577.0,-0.2,-3.5,0.8,10.6,0.562
Tidjane Salaün,CHO,36.0,571.0,0.2,-0.6,1.4,13.1,0.632
Ja Morant,MEM,20.0,569.0,0.1,-1.5,0.4,16.7,0.521
Domantas Sabonis,SAC,19.0,564.0,0.4,0.5,1.1,19.2,0.59
Jamaree Bouyea,PHO,38.0,554.0,0.3,0.3,1.1,13.9,0.529
Drew Eubanks,SAC,42.0,552.0,-0.2,-3.8,0.6,13.6,0.605
Daeqwon Plowden,SAC,22.0,545.0,-0.4,-5.2,0.4,9.9,0.54
Mohamed Diawara,NYK,61.0,544.0,0.1,-1.2,0.9,10.8,0.569
Dalen Terry,2TM,46.0,540.0,0.0,-1.8,0.7,11.2,0.516
Dalen Terry,CHI,34.0,377.0,0.1,-1.3,0.5,11.7,0.539
Dalen Terry,PHI,12.0,163.0,0.0,-3.0,0.2,10.1,0.468
Jase Richardson,ORL,47.0,538.0,-0.1,-2.7,0.9,11.5,0.577
Cole Anthony,MIL,35.0,527.0,-0.4,-4.8,-0.4,10.8,0.483
Grant Williams,CHO,27.0,526.0,0.4,1.0,1.4,12.7,0.61
Jonathan Isaac,ORL,52.0,521.0,0.1,-1.6,0.9,11.7,0.498
Jordan Hawkins,NOP,43.0,517.0,-0.7,-7.6,-0.6,5.2,0.429
Dalton Knecht,LAL,48.0,509.0,-0.3,-4.3,0.3,9.4,0.55
Rasheer Fleming,PHO,46.0,508.0,-0.1,-2.9,0.9,11.5,0.531
Scoot Henderson,POR,21.0,496.0,-0.2,-3.6,0.3,11.8,0.545
D'Angelo Russell,DAL,26.0,495.0,0.0,-2.3,0.0,12.4,0.511
Keaton Wallace,ATL,49.0,489.0,0.0,-2.0,0.8,11.0,0.547
Sharife Cooper,WAS,30.0,483.0,-0.4,-5.3,0.1,11.4,0.57
Pete Nance,MIL,38.0,480.0,0.1,-1.3,0.9,12.9,0.677
Jamison Battle,TOR,53.0,479.0,-0.1,-3.0,0.8,10.3,0.641
Trayce Jackson-Davis,2TM,47.0,467.0,0.2,-0.4,1.3,16.3,0.573
Trayce Jackson-Davis,GSW,36.0,411.0,0.2,-0.3,1.2,16.0,0.601
Trayce Jackson-Davis,TOR,11.0,56.0,0.0,-1.3,0.1,18.8,0.406
Kam Jones,IND,30.0,463.0,-0.5,-6.4,0.0,7.9,0.486
Cam Christie,LAC,48.0,450.0,-0.3,-4.2,0.2,9.7,0.496
Jahmai Mashack,MEM,24.0,449.0,-0.4,-5.8,-0.1,7.2,0.446
Elijah Harkless,UTA,23.0,447.0,-0.3,-5.1,0.2,9.9,0.5
Asa Newell,ATL,40.0,445.0,0.0,-1.8,1.0,13.6,0.628
Amir Coffey,2TM,43.0,437.0,-0.1,-3.1,0.8,10.2,0.593
Amir Coffey,MIL,30.0,265.0,-0.2,-5.3,0.3,8.4,0.584
Amir Coffey,PHO,13.0,172.0,0.1,0.3,0.5,13.0,0.606
Tyrese Proctor,CLE,42.0,436.0,-0.2,-3.7,0.4,10.3,0.53
Ariel Hukporti,NYK,49.0,434.0,-0.1,-2.5,0.9,10.6,0.608
Bogdan Bogdanović,LAC,21.0,429.0,-0.2,-3.9,0.1,8.2,0.507
Moussa Cisse,DAL,34.0,425.0,-0.1,-3.0,0.9,14.7,0.567
Yanic Konan Niederhäuser,LAC,41.0,424.0,0.0,-2.2,1.3,16.4,0.691
Jeremy Sochan,2TM,40.0,424.0,0.0,-2.2,0.9,11.1,0.549
Jeremy Sochan,SAS,28.0,358.0,-0.1,-3.1,0.6,9.8,0.538
Jeremy Sochan,NYK,12.0,66.0,0.1,2.7,0.3,18.2,0.613
Ethan Thompson,IND,24.0,417.0,-0.3,-4.8,0.0,7.0,0.482
Tony Bradley,IND,38.0,416.0,-0.2,-4.1,0.9,13.1,0.604
Devin Carter,SAC,28.0,414.0,-0.1,-3.0,0.1,13.8,0.493
Leonard Miller,2TM,35.0,411.0,0.1,-1.1,0.9,15.4,0.636
Leonard Miller,MIN,19.0,95.0,-0.1,-5.8,0.1,12.2,0.581
Leonard Miller,CHI,16.0,316.0,0.2,0.3,0.8,16.3,0.655
Myron Gardner,MIA,39.0,387.0,0.3,1.3,1.4,15.6,0.613
Maxi Kleber,LAL,36.0,384.0,-0.1,-3.4,0.6,8.5,0.545
Trae Young,2TM,15.0,384.0,0.5,2.7,1.4,21.2,0.612
Trae Young,ATL,10.0,280.0,0.3,1.7,0.9,19.8,0.577
Trae Young,WAS,5.0,104.0,0.2,5.5,0.4,24.7,0.723
Moritz Wagner,ORL,29.0,383.0,0.0,-2.2,0.9,15.6,0.551
Branden Carlson,OKC,36.0,378.0,0.2,-0.1,1.2,15.7,0.597
Terrence Shannon Jr.,MIN,33.0,376.0,-0.3,-5.3,0.3,7.6,0.548
Julian Phillips,2TM,43.0,365.0,0.0,-2.0,0.5,10.4,0.55
Julian Phillips,CHI,35.0,334.0,-0.1,-2.8,0.4,9.3,0.533
Julian Phillips,MIN,8.0,31.0,0.1,7.2,0.1,21.3,0.672
Jeremiah Robinson-Earl,2TM,22.0,361.0,-0.3,-5.2,0.2,9.4,0.468
Jeremiah Robinson-Earl,IND,17.0,300.0,-0.3,-5.4,0.1,8.7,0.443
Jeremiah Robinson-Earl,DAL,5.0,61.0,0.0,-4.0,0.1,13.0,0.586
Cam Whitmore,WAS,21.0,354.0,-0.1,-3.2,0.0,13.8,0.528
Larry Nance Jr.,CLE,29.0,353.0,-0.1,-3.6,0.5,8.7,0.479
AJ Johnson,2TM,40.0,353.0,-0.6,-8.9,-0.7,4.9,0.403
AJ Johnson,WAS,25.0,214.0,-0.5,-10.6,-0.6,4.4,0.396
AJ Johnson,DAL,15.0,139.0,-0.2,-6.3,-0.1,5.6,0.413
Marcus Sasser,DET,28.0,352.0,0.1,-0.5,0.9,13.0,0.565
Taelon Peter,IND,31.0,348.0,-0.2,-4.1,0.0,8.9,0.518
Isaiah Livers,PHO,36.0,347.0,0.0,-2.6,0.4,7.6,0.469
Kelly Olynyk,SAS,39.0,343.0,0.1,-0.8,0.8,12.7,0.574
Liam McNeeley,CHO,28.0,342.0,0.0,-2.1,0.6,9.4,0.566
Ty Jerome,MEM,15.0,339.0,0.8,7.6,1.4,25.7,0.616
Blake Wesley,POR,25.0,332.0,-0.1,-3.3,0.3,11.0,0.527
Cameron Payne,PHI,18.0,326.0,0.2,0.5,0.6,14.3,0.494
Christian Koloko,3TM,24.0,320.0,-0.2,-4.1,0.3,9.0,0.461
Christian Koloko,LAL,2.0,6.0,0.0,-8.4,0.0,-0.3,
Christian Koloko,MEM,11.0,195.0,0.0,-3.0,0.1,9.0,0.394
Christian Koloko,ATL,11.0,119.0,-0.1,-5.7,0.2,9.6,0.536
Nick Smith Jr.,LAL,25.0,318.0,-0.3,-5.2,0.0,9.2,0.53
Taurean Prince,MIL,16.0,316.0,-0.3,-5.2,0.2,7.4,0.582
Jae'Sean Tate,HOU,36.0,296.0,-0.1,-3.7,0.6,10.3,0.56
Khaman Maluach,PHO,37.0,293.0,-0.2,-5.1,0.3,10.8,0.584
Yang Hansen,POR,40.0,286.0,-0.5,-9.3,-0.5,3.7,0.411
Matisse Thybulle,POR,21.0,285.0,0.5,4.3,0.7,14.7,0.566
Zach Edey,MEM,11.0,284.0,0.2,0.6,0.8,20.8,0.669
Brooks Barnhizer,OKC,36.0,278.0,-0.1,-2.8,0.5,6.9,0.446
Dejounte Murray,NOP,10.0,276.0,0.4,3.7,0.7,20.8,0.633
Malaki Branham,WAS,28.0,275.0,0.0,-2.3,0.4,14.1,0.604
Doug McDermott,SAC,20.0,267.0,-0.1,-4.1,0.1,8.8,0.608
Lindy Waters III,SAS,37.0,264.0,0.0,-2.3,0.4,8.4,0.568
Pat Connaughton,CHO,35.0,260.0,0.2,0.5,0.6,13.5,0.588
Jamal Cain,ORL,29.0,260.0,-0.1,-3.7,0.4,10.4,0.564
Duop Reath,POR,32.0,258.0,0.1,-1.0,0.5,10.6,0.613
Kevon Looney,NOP,18.0,251.0,0.0,-2.2,0.6,13.6,0.468
Ron Harper Jr.,BOS,24.0,248.0,0.1,-0.4,0.5,10.7,0.52
KJ Simpson,2TM,17.0,246.0,-0.2,-4.5,-0.1,8.6,0.428
KJ Simpson,CHO,14.0,223.0,-0.2,-5.3,-0.2,7.8,0.437
KJ Simpson,DEN,3.0,23.0,0.0,3.5,0.1,16.5,0.317
Killian Hayes,SAC,14.0,244.0,-0.3,-7.6,-0.3,7.2,0.397
Jordan McLaughlin,SAS,38.0,241.0,0.1,0.3,0.5,11.7,0.534
Oscar Tshiebwe,UTA,17.0,240.0,0.0,-1.6,0.8,18.9,0.652
Jayson Tatum,BOS,8.0,238.0,0.2,1.2,0.5,17.2,0.507
Andre Jackson Jr.,MIL,38.0,235.0,-0.3,-7.3,-0.2,5.9,0.371
Obi Toppin,IND,14.0,234.0,0.1,-0.8,0.3,14.9,0.576
Chris Paul,LAC,16.0,228.0,-0.1,-4.2,0.1,8.2,0.413
Bronny James,LAL,32.0,224.0,-0.1,-3.4,0.2,9.6,0.506
Joan Beringer,MIN,33.0,219.0,0.0,-1.6,0.8,17.6,0.642
PJ Hall,2TM,19.0,214.0,0.0,-2.4,0.6,15.8,0.599
PJ Hall,MEM,7.0,27.0,0.0,1.8,0.1,18.9,0.63
PJ Hall,CHO,12.0,187.0,0.0,-3.0,0.5,15.4,0.594
Scotty Pippen Jr.,MEM,10.0,212.0,0.0,-2.8,0.2,14.8,0.537
Keshad Johnson,MIA,26.0,206.0,0.0,-2.6,0.3,13.4,0.543
Chaz Lanier,DET,26.0,205.0,-0.1,-3.7,0.3,8.1,0.463
Blake Hinson,UTA,10.0,202.0,0.0,-2.6,0.3,12.7,0.67
Bez Mbeng,UTA,6.0,198.0,-0.2,-6.6,0.0,6.2,0.471
Jonathan Mogbo,TOR,31.0,196.0,0.0,-2.1,0.4,12.1,0.568
DaRon Holmes,DEN,20.0,196.0,0.0,-1.6,0.4,12.0,0.682
Garrison Mathews,IND,15.0,196.0,0.0,-1.4,0.4,11.3,0.628
Nigel Hayes-Davis,PHO,27.0,195.0,-0.3,-7.3,-0.1,4.2,0.356
Chaney Johnson,BRK,9.0,191.0,0.1,0.6,0.5,15.1,0.63
JD Davison,HOU,25.0,184.0,0.0,-2.2,0.3,9.7,0.474
Zach Collins,CHI,10.0,184.0,0.1,0.3,0.5,18.0,0.666
Chris Youngblood,2TM,33.0,183.0,0.0,-2.3,0.5,10.7,0.527
Chris Youngblood,OKC,32.0,174.0,0.0,-2.9,0.4,10.1,0.505
Chris Youngblood,POR,1.0,9.0,0.0,10.2,0.1,22.3,1.0
Tyler Burton,MEM,7.0,181.0,-0.2,-5.3,0.1,9.5,0.524
MarJon Beauchamp,PHI,10.0,180.0,0.0,-1.2,0.2,13.5,0.575
RayJ Dennis,3TM,16.0,180.0,-0.1,-5.2,-0.3,6.5,0.416
RayJ Dennis,IND,13.0,168.0,-0.1,-5.3,-0.3,6.5,0.421
RayJ Dennis,LAC,1.0,4.0,0.0,-15.7,0.0,-6.0,
RayJ Dennis,ATL,2.0,8.0,0.0,3.8,0.0,13.8,0.0
Drew Timme,LAL,21.0,179.0,0.1,-0.9,0.4,14.3,0.666
Leaky Black,WAS,6.0,176.0,-0.1,-4.1,0.2,9.8,0.607
Tyson Etienne,BRK,16.0,172.0,0.0,-1.8,0.3,12.3,0.642
LJ Cryer,GSW,12.0,170.0,0.0,-0.7,0.4,14.0,0.685
Andersson Garcia,UTA,5.0,169.0,-0.2,-5.9,0.1,8.4,0.394
Malevy Leons,GSW,18.0,167.0,-0.1,-3.2,0.3,12.0,0.495
E.J. Liddell,BRK,18.0,165.0,-0.1,-4.2,0.1,8.7,0.498
Lachlan Olbrich,CHI,26.0,164.0,-0.1,-4.1,0.2,9.0,0.469
DeAndre Jordan,NOP,10.0,163.0,0.0,-0.8,0.4,14.8,0.693
Hunter Tyson,DEN,21.0,162.0,-0.2,-6.9,0.0,6.4,0.398
Walker Kessler,UTA,5.0,154.0,0.2,3.3,0.5,20.8,0.786
Julian Reese,WAS,5.0,148.0,-0.1,-4.7,0.2,12.8,0.659
Xavier Tillman Sr.,2TM,24.0,148.0,0.0,-3.0,0.2,10.0,0.439
Xavier Tillman Sr.,BOS,14.0,111.0,0.0,-1.2,0.2,11.3,0.5
Xavier Tillman Sr.,CHO,10.0,37.0,-0.1,-8.4,0.0,6.3,0.225
Mason Plumlee,2TM,17.0,139.0,0.1,1.2,0.5,14.0,0.743
Mason Plumlee,CHO,14.0,125.0,0.1,1.1,0.4,13.5,0.752
Mason Plumlee,SAS,3.0,14.0,0.0,1.8,0.1,18.2,0.568
Jeff Green,HOU,26.0,138.0,0.0,-3.2,0.3,11.0,0.533
Miles Kelly,DAL,14.0,134.0,-0.1,-5.0,0.0,8.2,0.484
Nate Williams,GSW,10.0,134.0,0.0,-2.7,0.3,13.8,0.645
Kevin McCullar Jr.,NYK,20.0,130.0,-0.1,-3.9,0.1,8.4,0.471
DeJon Jarreau,MEM,6.0,128.0,-0.1,-5.0,0.0,8.8,0.487
Jalen Slawson,IND,5.0,128.0,0.1,-0.4,0.2,13.2,0.528
Bismack Biyombo,SAS,22.0,124.0,-0.1,-5.8,0.2,4.7,0.653
Yuki Kawamura,CHI,11.0,121.0,0.0,-3.0,0.2,12.7,0.555
Bradley Beal,LAC,6.0,121.0,-0.3,-10.5,-0.2,5.1,0.476
Amari Williams,BOS,19.0,120.0,0.0,-2.3,0.2,9.6,0.539
Malachi Smith,BRK,6.0,117.0,0.0,-0.6,0.1,12.4,0.599
Dereck Lively II,DAL,7.0,115.0,0.1,0.6,0.3,15.0,0.67
A.J. Lawson,TOR,14.0,110.0,0.0,-2.7,0.2,12.0,0.545
Kyle Lowry,PHI,12.0,108.0,-0.2,-8.3,0.0,3.1,0.376
Adou Thiero,LAL,20.0,107.0,-0.1,-5.2,0.1,9.4,0.532
Luke Travers,CLE,12.0,103.0,0.0,-3.3,0.1,10.3,0.35
Alijah Martin,TOR,16.0,102.0,0.0,-1.1,0.2,12.4,0.487
Thanasis Antetokounmpo,MIL,29.0,101.0,0.0,-0.3,0.3,16.7,0.568
Alondes Williams,WAS,4.0,101.0,0.1,0.7,0.3,19.2,0.745
Joe Ingles,MIN,24.0,98.0,0.0,-0.1,0.2,10.3,0.684
Javonte Cooke,POR,19.0,94.0,-0.2,-11.7,-0.4,-0.1,0.275
Chris Boucher,BOS,9.0,94.0,0.0,-3.2,0.1,7.8,0.392
Tolu Smith,DET,9.0,94.0,0.1,0.6,0.4,17.0,0.58
Max Strus,CLE,4.0,94.0,0.1,0.2,0.3,13.1,0.654
Pacôme Dadiet,NYK,25.0,93.0,0.0,-1.0,0.2,10.7,0.458
Kobe Bufkin,LAL,11.0,90.0,-0.2,-10.6,-0.2,5.1,0.397
Johnny Juzang,MIN,21.0,88.0,0.0,-3.3,0.1,12.2,0.518
Haywood Highsmith,PHO,6.0,80.0,0.1,5.0,0.4,18.5,0.729
Eric Gordon,PHI,6.0,74.0,0.1,2.4,0.2,14.4,0.754
Patrick Baldwin Jr.,3TM,8.0,74.0,0.0,-3.2,0.1,14.3,0.581
Patrick Baldwin Jr.,LAC,2.0,12.0,0.0,4.8,0.1,23.7,1.025
Patrick Baldwin Jr.,PHI,1.0,2.0,0.0,-8.1,0.0,6.3,
Patrick Baldwin Jr.,SAC,5.0,60.0,0.0,-4.6,0.1,12.7,0.469
Isaiah Crawford,HOU,12.0,73.0,0.0,-2.2,0.1,8.5,0.479
Caleb Houstan,ATL,16.0,69.0,0.0,-3.7,0.1,11.1,0.665
Bobi Klintman,DET,11.0,69.0,-0.1,-9.4,-0.1,3.5,0.366
David Jones García,SAS,11.0,68.0,0.1,6.4,0.3,21.0,0.579
Kadary Richmond,WAS,3.0,67.0,0.1,3.2,0.2,20.1,0.722
Kennedy Chandler,UTA,2.0,67.0,0.0,-1.7,0.2,17.3,0.575
TyTy Washington Jr.,LAC,10.0,66.0,0.1,2.3,0.2,15.2,0.583
Antonio Reeves,CHO,9.0,66.0,0.0,0.9,0.2,12.3,0.675
Monte Morris,IND,6.0,65.0,-0.1,-6.0,0.0,7.0,0.414
Drew Peterson,CHO,6.0,64.0,-0.1,-9.9,-0.1,0.6,0.148
Trey Jemison,NYK,11.0,61.0,-0.1,-7.5,0.0,6.4,0.605
Garrett Temple,TOR,18.0,60.0,-0.1,-6.2,-0.1,4.6,0.439
John Poulakidas,DAL,4.0,59.0,0.0,-4.6,0.1,9.8,0.611
James Wiseman,IND,4.0,58.0,-0.1,-9.1,0.0,4.1,0.597
Omer Yurtseven,GSW,5.0,56.0,-0.1,-9.8,0.0,6.7,0.412
Johni Broome,PHI,11.0,55.0,-0.2,-16.2,-0.2,0.4,0.188
Cody Martin,IND,4.0,55.0,-0.1,-8.0,-0.1,3.0,0.277
Wendell Moore Jr.,DET,5.0,54.0,0.0,-0.6,0.1,10.0,0.635
Nikola Topić,OKC,5.0,53.0,-0.1,-11.3,-0.1,1.9,0.5
Jahmir Young,MIA,11.0,51.0,-0.1,-9.1,0.0,5.6,0.437
Seth Curry,GSW,4.0,51.0,0.1,6.5,0.3,21.9,0.737
Lawson Lovering,MEM,2.0,49.0,0.0,-3.6,0.1,13.8,0.574
Keshon Gilbert,WAS,3.0,48.0,-0.1,-6.8,-0.1,4.5,0.521
Taj Gibson,MEM,5.0,47.0,0.0,-4.7,0.1,11.0,0.505
Mac McClung,2TM,4.0,47.0,0.0,-5.3,-0.1,8.5,0.43
Mac McClung,IND,3.0,34.0,0.0,0.5,0.0,12.9,0.481
Mac McClung,CHI,1.0,13.0,-0.1,-20.5,-0.1,-3.2,0.286
Mo Bamba,2TM,4.0,44.0,-0.1,-8.1,0.1,13.0,0.455
Mo Bamba,TOR,2.0,6.0,0.0,-21.5,0.0,-2.8,0.0
Mo Bamba,UTA,2.0,38.0,0.0,-6.0,0.1,15.5,0.556
Isaiah Stevens,SAC,3.0,43.0,0.0,2.1,0.1,16.5,0.571
Trey Alexander,NOP,5.0,42.0,0.0,0.6,0.1,13.6,0.778
Dario Šarić,SAC,5.0,41.0,-0.1,-9.0,-0.1,0.7,0.363
Charles Bassey,3TM,5.0,40.0,0.0,0.1,0.1,17.8,0.488
Charles Bassey,MEM,2.0,31.0,0.0,-4.5,0.0,12.7,0.376
Charles Bassey,PHI,1.0,5.0,0.0,7.0,0.0,21.3,1.0
Charles Bassey,BOS,2.0,4.0,0.0,26.9,0.0,53.1,0.667
Skal Labissière,WAS,3.0,38.0,0.0,0.2,0.1,16.4,0.65
Grant Nelson,BRK,4.0,35.0,0.0,2.3,0.1,17.6,0.634
Tristan Enaruna,CLE,6.0,34.0,-0.1,-8.0,0.0,9.8,0.395
Emanuel Miller,CHI,5.0,33.0,0.0,2.6,0.1,15.1,0.54
Jahmyl Telfort,LAC,8.0,32.0,-0.1,-13.9,-0.1,-5.3,0.087
Curtis Jones,DEN,6.0,31.0,-0.1,-15.6,-0.1,1.3,0.321
Koby Brea,PHO,6.0,28.0,0.0,1.4,0.1,15.8,0.621
Dillon Jones,NYK,6.0,27.0,0.0,0.0,0.1,13.1,0.451
Hunter Sallis,PHI,7.0,26.0,-0.1,-10.6,-0.1,2.0,0.595
Mark Sears,MIL,7.0,26.0,0.0,-2.3,0.0,15.3,0.666
Chris Mañon,LAL,6.0,25.0,0.0,-0.6,0.0,9.3,0.347
Orlando Robinson,ORL,4.0,25.0,0.0,1.3,0.1,14.7,0.7
Dalano Banton,2TM,5.0,25.0,0.0,-5.1,0.0,12.7,0.506
Dalano Banton,LAC,2.0,10.0,0.0,12.4,0.0,27.9,0.75
Dalano Banton,BOS,3.0,15.0,-0.1,-16.8,0.0,2.5,0.34
Isaac Jones,2TM,5.0,24.0,0.0,-5.9,0.0,9.4,0.595
Isaac Jones,SAC,3.0,17.0,0.0,-8.2,0.0,5.7,0.521
Isaac Jones,DET,2.0,7.0,0.0,-0.3,0.0,18.4,0.667
Sean Pedulla,LAC,3.0,20.0,0.0,-4.4,0.1,17.5,0.591
Brandon Clarke,MEM,2.0,20.0,0.0,-4.8,0.0,12.4,0.372
Riley Minix,2TM,5.0,19.0,0.1,9.7,0.1,27.2,0.722
Riley Minix,SAS,3.0,8.0,0.1,25.4,0.1,44.8,0.75
Riley Minix,CLE,2.0,11.0,0.0,-1.7,0.0,14.3,0.667
Harrison Ingram,SAS,5.0,17.0,0.0,7.3,0.1,23.0,0.9
Jacob Toppin,ATL,5.0,17.0,0.0,0.4,0.0,15.1,0.667
Chris Livingston,CLE,3.0,17.0,0.0,-2.8,0.1,15.5,0.605
Tyler Smith,DAL,3.0,17.0,-0.1,-19.1,-0.1,-7.3,0.218
Rocco Zikarsky,MIN,4.0,16.0,0.0,2.4,0.1,21.1,0.6
Markelle Fultz,TOR,1.0,16.0,-0.1,-15.3,-0.1,0.4,0.2
Buddy Boeheim,OKC,4.0,15.0,0.0,-8.3,0.0,4.7,0.5
N'Faly Dante,ATL,4.0,15.0,0.0,-4.6,0.0,12.4,0.338
Vladislav Goldin,MIA,5.0,14.0,0.0,-0.7,0.0,12.1,0.667
Norchad Omier,LAC,3.0,14.0,0.0,4.8,0.1,28.9,0.8
Chucky Hepburn,TOR,2.0,13.0,-0.1,-23.9,-0.1,-13.5,0.0
David Roddy,DEN,2.0,12.0,0.0,-3.9,0.0,10.1,0.258
Alex Morales,ORL,1.0,12.0,0.0,-11.3,0.0,4.5,0.5
John Tonje,BOS,3.0,11.0,0.0,-13.3,0.0,4.3,0.347
Max Shulga,BOS,6.0,10.0,0.0,-8.9,0.0,6.6,0.515
Colin Castleton,ORL,1.0,10.0,0.0,-15.9,-0.1,-3.4,0.333
Tosan Evbuomwan,NYK,5.0,8.0,0.0,-11.5,0.0,-0.3,0.0
Enrique Freeman,MIN,2.0,8.0,0.0,2.4,0.0,9.1,
Cormac Ryan,MIL,1.0,8.0,0.0,-1.9,0.0,14.3,0.47
Jayson Kent,POR,2.0,7.0,0.0,9.8,0.0,24.3,0.833
Stanley Umude,SAS,2.0,7.0,0.0,0.3,0.0,11.6,0.5
Colby Jones,DET,1.0,7.0,0.0,2.4,0.0,13.0,0.333
Noa Essengue,CHI,2.0,6.0,0.0,-23.7,-0.1,-12.0,0.0
Trentyn Flowers,CHI,2.0,6.0,0.0,-0.9,0.0,16.8,0.667
Zyon Pullin,MIN,2.0,6.0,0.0,6.7,0.0,25.7,1.064
Trevor Keels,MIA,4.0,5.0,0.0,-40.0,-0.1,-22.7,0.0
Hunter Dickinson,NOP,1.0,5.0,0.0,-26.0,-0.1,-11.0,0.5
CJ Huntley,PHO,1.0,5.0,0.0,-8.9,0.0,7.1,0.5
Payton Sandfort,OKC,1.0,5.0,0.0,-24.0,0.0,-7.5,0.5
Darius Brown II,CLE,1.0,3.0,0.0,-18.6,0.0,-7.7,0.0
League Average,,,,,,,,0.58
